试验序号,基础权重_epsilon_w,epsilon对应_J0_米,epsilon对应_J0相对基准变化_pct,形状参数_p_w,p对应_J0_米,p对应_J0相对基准变化_pct
1,0.1,1580.8155914338774,0.00994748353884134,1.0,1580.6896004554517,0.0019766922561448297
2,0.104040404040404,1580.8056611567902,0.009319246763239697,1.02020202020202,1580.689094419434,0.0019446779998100183
3,0.108080808080808,1580.7962817258158,0.008725859144687043,1.0404040404040404,1580.6885260985064,0.001908723302479487
4,0.1121212121212121,1580.787422013145,0.008165351389255449,1.0606060606060606,1580.687900830074,0.0018691658339120565
5,0.1161616161616161,1580.7790536102125,0.007635926235338708,1.0808080808080809,1580.6872239349843,0.0018263422163267151
6,0.1202020202020202,1580.7711494363402,0.007135870429864077,1.101010101010101,1580.6865002754762,0.0017805600581732861
7,0.1242424242424242,1580.763685094373,0.006663640492243772,1.121212121212121,1580.6857349925083,0.0017321446010853947
8,0.1282828282828282,1580.7566362553343,0.006217697255150867,1.1414141414141414,1580.6849328720446,0.001681398627995101
9,0.1323232323232323,1580.7499811521673,0.005796663630586174,1.1616161616161615,1580.6840985843085,0.0016286175995805507
10,0.1363636363636363,1580.7436991064692,0.00539923140399079,1.181818181818182,1580.6832368754306,0.001574101778700765
11,0.1404040404040404,1580.7377697667828,0.005024113044904688,1.202020202020202,1580.6823518839938,0.0015181129918939718
12,0.1444444444444444,1580.7321757067252,0.004670206077128647,1.2222222222222223,1580.6814481827523,0.001460940533459798
13,0.1484848484848485,1580.7268995325437,0.004336410088745524,1.2424242424242424,1580.680529404067,0.001402814203887992
14,0.1525252525252525,1580.7219239025462,0.004021627961448004,1.2626262626262623,1580.6795997828656,0.001344001924930005
15,0.1565656565656565,1580.7172345000945,0.0037249539562855816,1.2828282828282829,1580.6786627910528,0.0012847233458845864
16,0.1606060606060606,1580.7128163834527,0.0034454427876751126,1.303030303030303,1580.6777221332602,0.0012252128394507622
17,0.1646464646464646,1580.708656179884,0.0031822484323873468,1.323232323232323,1580.6767809506928,0.0011656691332406766
18,0.1686868686868687,1580.7047406907284,0.0029345358801169397,1.3434343434343434,1580.675842517389,0.001106299358588636
19,0.1727272727272727,1580.701057860379,0.0027015424355569806,1.3636363636363638,1580.6749100289876,0.0010473056868631758
20,0.1767676767676767,1580.6975962710492,0.0024825457550115004,1.383838383838384,1580.6739859263437,0.0009888425382298394
21,0.1808080808080808,1580.6943449094324,0.0022768490840707756,1.404040404040404,1580.6730732256274,0.0009311007300283336
22,0.1848484848484848,1580.6912934052807,0.0020837963512709834,1.4242424242424243,1580.67217412359,0.000874219239199725
23,0.1888888888888888,1580.6884324035905,0.0019027957144368557,1.4444444444444444,1580.6712911220611,0.0008183563434904784
24,0.1929292929292929,1580.685752259069,0.0017332369662170777,1.4646464646464648,1580.6704263315294,0.0007636455624737692
25,0.1969696969696969,1580.683244697992,0.0015745966713165416,1.4848484848484849,1580.6695818455378,0.0007102193436692161
26,0.201010101010101,1580.6809010809372,0.0014263282585691428,1.5050505050505052,1580.6687593575828,0.0006581848257747325
27,0.205050505050505,1580.6787138415375,0.0012879530434606323,1.5252525252525253,1580.6679606746982,0.0006076563303647475
28,0.2090909090909091,1580.6766752594265,0.001158982598736813,1.5454545454545454,1580.6671874298925,0.0005587371693760446
29,0.2131313131313131,1580.6747787448396,0.0010390000243942765,1.5656565656565655,1580.6664410543292,0.0005115178850489954
30,0.2171717171717171,1580.673017342741,0.0009275653116258553,1.585858585858586,1580.6657226685636,0.00046606936905391194
31,0.2212121212121212,1580.6713847125864,0.0008242773272826298,1.606060606060606,1580.6650337178137,0.00042248305278658194
32,0.2252525252525252,1580.6698750078117,0.0007287661898391917,1.6262626262626263,1580.6643751449035,0.0003808185838227729
33,0.2292929292929293,1580.6684823304329,0.0006406587646168305,1.6464646464646466,1580.6637479699734,0.0003411405010922408
34,0.2333333333333333,1580.6672013715918,0.0005596191878787238,1.6666666666666667,1580.6631529884887,0.00030349912953919755
35,0.2373737373737373,1580.6660269882643,0.00048532208736240534,1.6868686868686869,1580.6625909735212,0.0002679433773744577
36,0.2414141414141414,1580.6649542164116,0.0004174534142364905,1.7070707070707072,1580.662062597514,0.00023451578656796812
37,0.2454545454545454,1580.663978433031,0.0003557206952553571,1.7272727272727273,1580.6615683127352,0.00020324496974311046
38,0.2494949494949495,1580.663095210102,0.00029984379272818273,1.7474747474747474,1580.6611086715516,0.0001741658723020123
39,0.2535353535353535,1580.662300305548,0.0002495543325542471,1.7676767676767675,1580.6606840318768,0.00014730113753191887
40,0.2575757575757575,1580.6615897269887,0.00020459973775199813,1.787878787878788,1580.6602946929495,0.000122669696711597
41,0.2616161616161616,1580.6609596654814,0.00016473903634572906,1.808080808080808,1580.6599409103326,0.00010028771799674985
42,0.2656565656565657,1580.6604063921045,0.00012973631897672533,1.8282828282828285,1580.6596227770842,8.016108865582794e-05
43,0.2696969696969697,1580.6599264783551,9.937468214982204e-05,1.8484848484848488,1580.6593404360203,6.229884392805474e-05
44,0.2737373737373737,1580.659516635198,7.344604580072911e-05,1.8686868686868687,1580.659093839136,4.669794677614192e-05
45,0.2777777777777778,1580.6591737054412,5.1750670837513724e-05,1.8888888888888888,1580.6588829941677,3.335888665301212e-05
46,0.2818181818181818,1580.658894673639,3.409778581708878e-05,1.9090909090909087,1580.6587078174916,2.22763731239084e-05
47,0.2858585858585858,1580.6586766455268,2.0304285697214652e-05,1.9292929292929293,1580.6585681412218,1.3439784929403231e-05
48,0.2898989898989899,1580.658516905473,1.0198366662272917e-05,1.9494949494949496,1580.6584637741666,6.837026345074548e-06
49,0.2939393939393939,1580.6584128469983,3.6151303506315458e-06,1.9696969696969695,1580.6583944928625,2.4539600351758395e-06
50,0.297979797979798,1580.6583619559806,3.95521415619271e-07,1.98989898989899,1580.658359999872,2.7176862982258854e-07
51,0.302020202020202,1580.6583618601885,3.8946115221705213e-07,2.0101010101010104,1580.6583599844723,2.7079438691401947e-07
52,0.306060606060606,1580.658410284196,3.4529952230855088e-06,2.0303030303030303,1580.6583940904068,2.428498757645059e-06
53,0.3101010101010101,1580.6585050493013,9.448288573743469e-06,2.0505050505050506,1580.6584619199843,6.719721912240573e-06
54,0.3141414141414141,1580.6586440805916,1.824407229733538e-05,2.070707070707071,1580.6585630695758,1.3118928365862814e-05
55,0.3181818181818182,1580.6588253885552,2.9714480365150564e-05,2.090909090909091,1580.658697079323,2.1597025279262994e-05
56,0.3222222222222222,1580.6590470854603,4.374008586438549e-05,2.111111111111111,1580.658863473099,3.212389059203957e-05
57,0.3262626262626262,1580.6593073740323,6.020718459343044e-05,2.1313131313131315,1580.659061758989,4.466840339834022e-05
58,0.3303030303030303,1580.659604453733,7.900186591580649e-05,2.1515151515151514,1580.659291421449,5.919794796582778e-05
59,0.3343434343434344,1580.6599367293838,0.00010002321120250457,2.171717171717172,1580.6595519200057,7.567833131272295e-05
60,0.3383838383838384,1580.660302608702,0.0001231704850557236,2.191919191919192,1580.6598427203362,9.407574967923438e-05
61,0.3424242424242424,1580.6607005383366,0.0001483454150408292,2.212121212121212,1580.6601632251422,0.00011435241507040672
62,0.3464646464646465,1580.6611290483147,0.00017545500370363953,2.2323232323232327,1580.660512857661,0.00013647183876308588
63,0.3505050505050505,1580.661586828697,0.00020441637795798329,2.2525252525252526,1580.6608910555683,0.00016039844541460013
64,0.3545454545454545,1580.6620725026823,0.00023514243483457875,2.272727272727273,1580.6612971832496,0.00018609202303565553
65,0.3585858585858585,1580.6625846947925,0.0002675461549861424,2.2929292929292933,1580.6617305643529,0.00021350978232081985
66,0.3626262626262626,1580.663122361906,0.0003015615455792542,2.313131313131313,1580.6621907171418,0.00024262124636020843
67,0.3666666666666667,1580.663684277649,0.0003371110203209682,2.333333333333333,1580.6626769228849,0.0002733809447708069
68,0.3707070707070707,1580.664269209202,0.00037411658517783053,2.353535353535354,1580.6631885917968,0.00030575156491075006
69,0.3747474747474747,1580.6648761739193,0.00041251607327819073,2.3737373737373737,1580.6637250002698,0.0003396873278882495
70,0.3787878787878788,1580.6655041426832,0.00045224437772439785,2.393939393939394,1580.6642856750482,0.0003751582932753905
71,0.3828282828282828,1580.666152112849,0.0004932380664346425,2.4141414141414144,1580.6648697807882,0.00041211161325716006
72,0.3868686868686869,1580.6668191549109,0.0005354383344036151,2.4343434343434343,1580.665476912057,0.00045052163821779345
73,0.3909090909090909,1580.66750421911,0.0005787787689115476,2.4545454545454546,1580.6661061870927,0.0004903325836691508
74,0.3949494949494949,1580.6682067209713,0.0006232223932034486,2.474747474747475,1580.6667571095986,0.0005315130515048949
75,0.398989898989899,1580.6689255775582,0.0006687006956163088,2.494949494949495,1580.6674290478816,0.000574023077826169
76,0.403030303030303,1580.6696600818084,0.0007151689439544029,2.515151515151516,1580.6681213127722,0.0006178190624650526
77,0.407070707070707,1580.6704095386815,0.0007625831666802085,2.5353535353535355,1580.6688332229696,0.0006628579030776294
78,0.4111111111111111,1580.6711730544505,0.0008108868223111187,2.555555555555556,1580.6695643739408,0.000709114006958167
79,0.4151515151515151,1580.6719500264846,0.0008600417855886278,2.575757575757576,1580.6703138761904,0.0007565311004098518
80,0.4191919191919192,1580.672739647629,0.0009099969920045581,2.595959595959596,1580.6710814142998,0.0008050892285282885
81,0.4232323232323232,1580.6735415056692,0.0009607263629085594,2.6161616161616164,1580.6718660538352,0.0008547292745575419
82,0.4272727272727272,1580.6743547801234,0.0010121779907334982,2.6363636363636367,1580.6726674302795,0.0009054281774112383
83,0.4313131313131313,1580.675178851241,0.0010643126670650815,2.656565656565657,1580.6734848333404,0.0009571410006126158
84,0.4353535353535354,1580.676013286244,0.0011171030122936187,2.676767676767677,1580.6743177110277,0.0010098328226293418
85,0.4393939393939394,1580.67685748884,0.0011705113021287517,2.696969696969697,1580.6751654799991,0.0010634667384046281
86,0.4434343434343434,1580.677710889171,0.001224501484653473,2.717171717171717,1580.6760276563398,0.0011180121332055037
87,0.4474747474747474,1580.678573005603,0.0012790430893527827,2.737373737373737,1580.6769033980506,0.0011734157381537713
88,0.4515151515151515,1580.6794432783286,0.0013341007001343996,2.757575757575758,1580.6777924950695,0.0012296642637021904
89,0.4555555555555556,1580.6803213505086,0.0013896517417011367,2.7777777777777777,1580.6786940896204,0.0012867034428154511
90,0.4595959595959595,1580.6812067093504,0.0014456637722926047,2.7979797979797985,1580.679607959464,0.0013445192156069652
91,0.4636363636363636,1580.6820988747909,0.001502106420847582,2.8181818181818183,1580.6805333189166,0.0014030618759708346
92,0.4676767676767677,1580.682997455894,0.0015589549548611359,2.8383838383838382,1580.6814697163672,0.0014623028528282234
93,0.4717171717171717,1580.6839021920418,0.0016161928864111275,2.858585858585859,1580.682416701511,0.0015222136577452972
94,0.4757575757575757,1580.6848125443598,0.0016737861237459128,2.878787878787879,1580.6833736709016,0.0015827561137937707
95,0.4797979797979798,1580.6857281291027,0.0017317103892633412,2.8989898989898992,1580.6843402028069,0.0016439035402493474
96,0.4838383838383838,1580.6866486483268,0.0017899468336413094,2.91919191919192,1580.6853158937197,0.001705630409265524
97,0.4878787878787879,1580.687573662839,0.0018484676714169979,2.9393939393939394,1580.68630000772,0.0017678901630402422
98,0.491919191919192,1580.688503256157,0.0019072781863194166,2.95959595959596,1580.687292258271,0.001830664673896365
99,0.4959595959595959,1580.6894365580545,0.0019663233236988376,2.97979797979798,1580.6882921526806,0.00189392277174516
100,0.5,1580.690373522172,0.0020256001506124832,3.0,1580.6892993283411,0.0019576415163369276
