x_star_m,y_star_m,L_star_m,beta_star_deg,J_star_m,success,trial,epsilon_w,p_w,J0_m
865.309643326944,501.23768929061697,1000.0,30.081918702840348,1569.0683959381713,True,1,0.3,1.0,1580.6896004554517
865.2941304667038,501.26446889827633,1000.0,30.083691908838176,1569.63224431367,True,2,0.3,1.02020202020202,1580.689094419434
865.2765532351899,501.2948098887815,1000.0,30.085700969454287,1570.1775458078098,True,3,0.3,1.0404040404040404,1580.6885260985064
865.2570198997762,501.3285245367137,1000.0,30.087933468221177,1570.704662793581,True,4,0.3,1.0606060606060606,1580.687900830074
865.23563633841,501.36542921313054,1000.0,30.0903772603922,1571.2139540476576,True,5,0.3,1.0808080808080809,1580.6872239349843
865.2124928155972,501.40536721880045,1000.0,30.093021984759368,1571.7057746036953,True,6,0.3,1.101010101010101,1580.6865002754762
865.187688037497,501.4481672798603,1000.0,30.0958563150932,1572.1804756184297,True,7,0.3,1.121212121212121,1580.6857349925083
865.1613096903475,501.4936771434738,1000.0,30.098870184681466,1572.6384042500054,True,8,0.3,1.1414141414141414,1580.6849328720446
865.1334425350328,501.54174961560585,1000.0,30.10205386163555,1573.0799035479943,True,9,0.3,1.1616161616161615,1580.6840985843085
865.1041755193176,501.5922303017082,1000.0,30.10539713683612,1573.505312354565,True,10,0.3,1.1818181818181819,1580.6832368754306
865.0735790616598,501.6449967949949,1000.0,30.108891919214507,1573.9149652162723,True,11,0.3,1.202020202020202,1580.6823518839938
865.041741039453,501.69989661094405,1000.0,30.1125281250932,1574.3091923059535,True,12,0.3,1.2222222222222223,1580.6814481827523
865.0087192580622,501.75682915883357,1000.0,30.11629910725201,1574.6883193542224,True,13,0.3,1.2424242424242424,1580.680529404067
864.9745960916015,501.8156515257082,1000.0,30.120195414611374,1575.0526675900744,True,14,0.3,1.2626262626262625,1580.6795997828656
864.9394299114805,501.8762622244681,1000.0,30.12421033925926,1575.4025536901208,True,15,0.3,1.2828282828282829,1580.6786627910528
864.9032914781054,501.93853845898263,1000.0,30.128335761016956,1575.7382897359926,True,16,0.3,1.303030303030303,1580.6777221332602
864.8662341775155,502.00238742420635,1000.0,30.132565545595394,1576.0601831794602,True,17,0.3,1.3232323232323233,1580.6767809506928
864.8283206664156,502.0677003884112,1000.0,30.136892502842468,1576.3685368148438,True,18,0.3,1.3434343434343434,1580.6758425173887
864.7896156231593,502.1343651955604,1000.0,30.14130921477598,1576.6636487582844,True,19,0.3,1.3636363636363638,1580.6749100289876
864.750157117234,502.20231557184104,1000.0,30.145811302367793,1576.9458124334817,True,20,0.3,1.3838383838383839,1580.6739859263437
864.7100122830117,502.2714352394667,1000.0,30.150391072754253,1577.2153165635057,True,21,0.3,1.404040404040404,1580.6730732256274
864.6692179282161,502.34166019493875,1000.0,30.15504429570563,1577.4724451683096,True,22,0.3,1.4242424242424243,1580.67217412359
864.6278293483992,502.4128946556561,1000.0,30.159764634480414,1577.7174775675842,True,23,0.3,1.4444444444444444,1580.6712911220613
864.5858894255131,502.48506426190863,1000.0,30.16454717095939,1577.950688388611,True,24,0.3,1.4646464646464648,1580.6704263315294
864.5434457470855,502.558086608659,1000.0,30.169386453008848,1578.1723475787883,True,25,0.3,1.4848484848484849,1580.6695818455378
864.500531342749,502.63190438740025,1000.0,30.174278690833187,1578.3827204225076,True,26,0.3,1.5050505050505052,1580.6687593575828
864.4571903417537,502.7064412422433,1000.0,30.179218831525443,1578.5820675620864,True,27,0.3,1.5252525252525253,1580.6679606746982
864.4134638953767,502.7816259932301,1000.0,30.18420216431788,1578.7706450224637,True,28,0.3,1.5454545454545454,1580.6671874298925
864.3693879894433,502.85739639261084,1000.0,30.189224569635037,1578.9487042393926,True,29,0.3,1.5656565656565657,1580.6664410543292
864.324985470263,502.93371282091425,1000.0,30.19428342713303,1579.1164920908561,True,30,0.3,1.5858585858585859,1580.6657226685636
864.280305081246,503.0104911914546,1000.0,30.199373168106295,1579.2742509314737,True,31,0.3,1.606060606060606,1580.6650337178135
864.235370539323,503.08769047628175,1000.0,30.20449107737547,1579.4222186296424,True,32,0.3,1.6262626262626263,1580.6643751449037
864.190216476821,503.16525093228114,1000.0,30.209633198408937,1579.5606286072073,True,33,0.3,1.6464646464646466,1580.6637479699734
864.1448680964501,503.2431290564919,1000.0,30.21479665064743,1579.6897098814338,True,34,0.3,1.6666666666666667,1580.6631529884887
864.0993551159889,503.3212736296093,1000.0,30.219978041296148,1579.8096871090856,True,35,0.3,1.6868686868686869,1580.6625909735212
864.0537063923472,503.3996349518418,1000.0,30.225174077617133,1579.920780632416,True,36,0.3,1.7070707070707072,1580.662062597514
864.0079381725076,503.47818500397057,1000.0,30.230382903909373,1580.0232065268872,True,37,0.3,1.7272727272727273,1580.6615683127352
863.9620822927843,503.55686904292776,1000.0,30.23560089182673,1580.117176650454,True,38,0.3,1.7474747474747474,1580.6611086715516
863.9161597869975,503.63565090141026,1000.0,30.2408256442198,1580.2028986942378,True,39,0.3,1.7676767676767677,1580.6606840318768
863.8701925165568,503.7144930229893,1000.0,30.246054671298495,1580.280576234448,True,40,0.3,1.787878787878788,1580.6602946929497
863.8242056700509,503.793352177761,1000.0,30.25128510643331,1580.3504087854008,True,41,0.3,1.8080808080808082,1580.6599409103326
863.7782115357342,503.872207286856,1000.0,30.256515551697863,1580.4125918535008,True,42,0.3,1.8282828282828283,1580.6596227770842
863.7322376785854,503.95101110598404,1000.0,30.261742873181767,1580.467316992054,True,43,0.3,1.8484848484848486,1580.6593404360203
863.6862904844206,504.0297527222585,1000.0,30.266966346483553,1580.5147718567987,True,44,0.3,1.8686868686868687,1580.659093839136
863.6403942423694,504.1083905598921,1000.0,30.2721832128044,1580.5551402620292,True,45,0.3,1.8888888888888888,1580.6588829941677
863.5945683958959,504.1868913776977,1000.0,30.277391265724567,1580.5886022372201,True,46,0.3,1.9090909090909092,1580.6587078174916
863.548823071937,504.2652379165874,1000.0,30.282589358757182,1580.6153340840362,True,47,0.3,1.9292929292929295,1580.6585681412218
863.5031721534783,504.34340650084886,1000.0,30.28777591941432,1580.6355084336485,True,48,0.3,1.9494949494949496,1580.6584637741666
863.4576378076925,504.4213592935568,1000.0,30.292948435194216,1580.6492943042567,True,49,0.3,1.9696969696969697,1580.6583944928625
863.4122227281492,504.4990918164638,1000.0,30.29810660674177,1580.6568571587436,True,50,0.3,1.98989898989899,1580.658359999872
863.3669463064689,504.5765710231133,1000.0,30.303248238767054,1580.6583589623867,True,51,0.3,2.0101010101010104,1580.6583599844723
863.3218175443092,504.65378166817544,1000.0,30.30837231692777,1580.6539582405455,True,52,0.3,2.0303030303030303,1580.6583940904068
863.2768539061346,504.7306940437903,1000.0,30.313476866797995,1580.6438101362692,True,53,0.3,2.0505050505050506,1580.6584619199843
863.2320559183191,504.80730743030267,1000.0,30.318561837600633,1580.6280664677581,True,54,0.3,2.070707070707071,1580.6585630695758
863.1874409115524,504.8835923780505,1000.0,30.32362527154761,1580.6068757856228,True,55,0.3,2.090909090909091,1580.658697079323
863.1430182010948,504.9595331615242,1000.0,30.328666121473166,1580.5803834298865,True,56,0.3,2.111111111111111,1580.658863473099
863.0987952025671,505.0351173135165,1000.0,30.333683556308586,1580.5487315866833,True,57,0.3,2.1313131313131315,1580.659061758989
863.0547801449707,505.1103309861287,1000.0,30.338676653169927,1580.5120593446063,True,58,0.3,2.1515151515151514,1580.6592914214493
863.0109818538133,505.18515932251717,1000.0,30.343644422017153,1580.4705027506657,True,59,0.3,2.1717171717171717,1580.6595519200057
862.9674050727746,505.2595944482021,1000.0,30.34858633621369,1580.424194865815,True,60,0.3,2.191919191919192,1580.6598427203362
862.9240613193243,505.3336169266428,1000.0,30.353501101346648,1580.3732658200145,True,61,0.3,2.212121212121212,1580.6601632251422
862.8809561881181,505.40721744735606,1000.0,30.358388095139684,1580.317842866798,True,62,0.3,2.2323232323232327,1580.660512857661
862.8380923610421,505.48039167781565,1000.0,30.36324702576975,1580.25805043731,True,63,0.3,2.2525252525252526,1580.6608910555685
862.7954795474589,505.55312329415057,1000.0,30.368076805067655,1580.1940101937964,True,64,0.3,2.272727272727273,1580.6612971832496
862.7531290938738,505.6253931901854,1000.0,30.37287615989949,1580.1258410825142,True,65,0.3,2.2929292929292933,1580.6617305643529
862.7110326517391,505.6972158722747,1000.0,30.37764604923812,1580.0536593860459,True,66,0.3,2.313131313131313,1580.6621907171418
862.6692039640569,505.768568153479,1000.0,30.382384928799336,1579.9775787749936,True,67,0.3,2.3333333333333335,1580.6626769228847
862.6276439297674,505.8394487662844,1000.0,30.38709270991621,1579.8977103590428,True,68,0.3,2.353535353535354,1580.6631885917968
862.5863636368991,505.9098390698399,1000.0,30.391768149939825,1579.8141627373752,True,69,0.3,2.3737373737373737,1580.6637250002698
862.5453544866946,505.9797539955748,1000.0,30.396412236098932,1579.7270420484147,True,70,0.3,2.393939393939394,1580.6642856750482
862.5046344447339,506.0491631861037,1000.0,30.401022947324808,1579.636452018905,True,71,0.3,2.4141414141414144,1580.6648697807882
862.464190640761,506.11808885118614,1000.0,30.405601754373173,1579.5424940122966,True,72,0.3,2.4343434343434343,1580.6654769120573
862.4240424071146,506.18649831674844,1000.0,30.41014648205849,1579.4452670764474,True,73,0.3,2.4545454545454546,1580.6661061870927
862.3841831780642,506.25440304683076,1000.0,30.41465788730688,1579.3448679906173,True,74,0.3,2.474747474747475,1580.6667571095986
862.3446154989147,506.3217989777146,1000.0,30.4191356955246,1579.241391311759,True,75,0.3,2.494949494949495,1580.6674290478816
862.3053450316962,506.3886767392882,1000.0,30.42357927951814,1579.1349294201025,True,76,0.3,2.5151515151515156,1580.6681213127722
862.2663765107715,506.45502854546174,1000.0,30.427988117268928,1579.0255725640206,True,77,0.3,2.5353535353535355,1580.6688332229696
862.2276999203849,506.520871721988,1000.0,30.432363355403304,1578.9134089041825,True,78,0.3,2.5555555555555554,1580.6695643739408
862.1893312159424,506.58617937859896,1000.0,30.436703202463896,1578.798524556992,True,79,0.3,2.575757575757576,1580.6703138761904
862.1512566146648,506.65097524603095,1000.0,30.441009230818384,1578.6810036373067,True,80,0.3,2.595959595959596,1580.6710814142998
862.1134935644249,506.7152299015121,1000.0,30.44527948058258,1578.5609283004417,True,81,0.3,2.6161616161616164,1580.6718660538352
862.0760315143158,506.77896156858026,1000.0,30.449515158261352,1578.4383787834602,True,82,0.3,2.6363636363636367,1580.6726674302797
862.0388768150382,506.8421597099706,1000.0,30.45371555900683,1578.3134334457523,True,83,0.3,2.6565656565656566,1580.6734848333404
862.0020284690103,506.9048262892272,1000.0,30.457880808793348,1578.1861688089045,True,84,0.3,2.676767676767677,1580.6743177110275
861.9654871456767,506.9669604320546,1000.0,30.462010845019535,1578.056659595862,True,85,0.3,2.6969696969696972,1580.6751654799991
861.929249545021,507.02856801047926,1000.0,30.46610605356461,1577.9249787693934,True,86,0.3,2.717171717171717,1580.6760276563398
861.8933274126607,507.0896293176702,1000.0,30.47016512001251,1577.791197569859,True,87,0.3,2.7373737373737375,1580.6769033980506
861.8577065986475,507.15016866458774,1000.0,30.474189656042352,1577.6553855522802,True,88,0.3,2.757575757575758,1580.6777924950695
861.8223995109183,507.2101652187613,1000.0,30.47817827240556,1577.5176106227393,True,89,0.3,2.7777777777777777,1580.6786940896204
861.7873936028031,507.2696405535101,1000.0,30.48213239900486,1577.3779390740826,True,90,0.3,2.7979797979797985,1580.679607959464
861.7526984855662,507.32857858871404,1000.0,30.486050962529045,1577.2364356209648,True,91,0.3,2.8181818181818183,1580.6805333189166
861.7183110343047,507.38698488253056,1000.0,30.489934328263566,1577.0931634342217,True,92,0.3,2.8383838383838382,1580.6814697163672
861.6842285162501,507.44486432158817,1000.0,30.49378281693785,1576.9481841745805,True,93,0.3,2.858585858585859,1580.6824167015113
861.650453945849,507.50221202957556,1000.0,30.49759610017836,1576.801558025732,True,94,0.3,2.878787878787879,1580.6833736709016
861.6169840577237,507.55903379141256,1000.0,30.501374558547358,1576.653343726743,True,95,0.3,2.8989898989898992,1580.6843402028067
861.5838153859183,507.61533572681185,1000.0,30.5051185949669,1576.503598603848,True,96,0.3,2.9191919191919196,1580.6853158937197
861.5509558803443,507.6711045762452,1000.0,30.508827323678087,1576.3523786016046,True,97,0.3,2.9393939393939394,1580.6863000077199
861.5183984920569,507.7263525361683,1000.0,30.512501551788734,1576.199738313432,True,98,0.3,2.95959595959596,1580.687292258271
861.4861434045781,507.78107952335796,1000.0,30.516141269867394,1576.045731011543,True,99,0.3,2.97979797979798,1580.6882921526806
861.4541868536884,507.8352921491874,1000.0,30.5197469137783,1575.89040867627,True,100,0.3,3.0,1580.6892993283413
